{"cameraMode":{"drawMode":0,"name":"Shaded","section":"Shading Mode"},"sceneLighting":false,"audioPlay":false,"sceneViewState":{"showFog":false,"showMaterialUpdate":false,"showSkybox":false,"showFlares":true,"showImageEffects":true,"showParticleSystems":true},"in2DMode":false,"pivot":{"x":0.5016516447067261,"y":-1.328333854675293,"z":0.0000500003807246685},"rotation":{"x":-0.10909390449523926,"y":0.09438211470842362,"z":-0.010405929759144783,"w":-0.9894856214523315},"size":5.132906913757324,"orthographic":false}